{
  "app": "Shapes",
  "version": "0.39",
  "objects": [
    {
      "id": "shapes2d",
      "color": "#D9FFDB"
    },
    {
      "id": "3-sides",
      "color": "#D9E8FF"
    },
    {
      "id": "triangle3sides",
      "data": "s=3;x=1;o=2d"
    },
    {
      "id": "4-sides",
      "color": "#D9E8FF"
    },
    {
      "id": "square",
      "data": "s=4;x=1;o=2d"
    },
    {
      "id": "rectangle",
      "data": "s=4;x=1;z=2;o=2d"
    },
    {
      "id": "shape2dCustom",
      "data":"s=3;x=1;o=2d",
      "changeSides":"true",
      "changeX":"true",
      "color":"#ffe5db"
    },
    {
      "id": "shapes3d",
      "color": "#D9FFDB"
    },
    {
      "id": "prisms",
      "color": "#D9E8FF"
    },
    {
      "id": "cube",
      "data": "x=1;s=4;o=0",
      "changeX":"true"
    },
    { 
      "id": "prismCustom",
      "data": "x=1;s=4;o=0",
      "changeSides":"true",
      "changeX":"true",
      "changeY":"true",
      "color":"#ffe5db"
    },
    {
      "id": "pyramids",
      "color": "#D9E8FF"
    },
    {
      "id": "pyramid3",
      "data": "x=1;s=3;o=1",
      "changeX":"true",
      "changeY":"true"
    },
    {
      "id": "pyramid4",
      "data": "x=1;s=4;o=1",
      "changeX":"true",
      "changeY":"true"
    },
    { 
      "id": "pyramidCustom",
      "data":"x=1;s=3;o=1",
      "changeSides":"true",
      "changeX":"true",
      "changeY":"true",
      "color":"#ffe5db"
    },
    {
      "id": "history",
      "color": "#D9FFDB"
    }
  ]
 }
